Rank,Store,Store Total Cost (KES),SKU,Item,Category,Unit,Price (KES)
1,Mina Spices ltd,36250.00,almond,Almond,Nuts,kg,2400.00
1,Mina Spices ltd,36250.00,ashwagandha,Ashwagandha,Spices,kg,550.00
1,Mina Spices ltd,36250.00,beef-masala,Beef Masala,Spices,kg,600.00
1,Mina Spices ltd,36250.00,black-pepper,Black Pepper,Spices,kg,1200.00
1,Mina Spices ltd,36250.00,black-seed,Black Seed,Spices,kg,800.00
1,Mina Spices ltd,36250.00,black-seed-oil-1l,Black Seed Oil 1L,Spices,1l,3400.00
1,Mina Spices ltd,36250.00,black-seed-oil-500ml,Black Seed Oil 500ml,Spices,500ml,1700.00
1,Mina Spices ltd,36250.00,black-seed-organic-60ml,Black Seed Organic 60ml,Spices,60ml,250.00
1,Mina Spices ltd,36250.00,cardamom-green,Cardamom (Green),Spices,kg,3500.00
1,Mina Spices ltd,36250.00,cardamom-white,Cardamom (White),Spices,kg,2000.00
1,Mina Spices ltd,36250.00,cashew,Cashew,Nuts,kg,1200.00
1,Mina Spices ltd,36250.00,cayenne-pepper,Cayenne Pepper,Spices,kg,400.00
1,Mina Spices ltd,36250.00,chicken-masala,Chicken Masala,Spices,kg,600.00
1,Mina Spices ltd,36250.00,chilli-powder,Chilli Powder,Spices,kg,400.00
1,Mina Spices ltd,36250.00,cinnamon,Cinnamon,Spices,kg,600.00
1,Mina Spices ltd,36250.00,coconut-powder,Coconut Powder,Spices,kg,550.00
1,Mina Spices ltd,36250.00,coffee-powder,Coffee Powder,Spices,kg,1300.00
1,Mina Spices ltd,36250.00,coriander,Coriander,Spices,kg,400.00
1,Mina Spices ltd,36250.00,curry-powder,Curry Powder,Spices,kg,600.00
1,Mina Spices ltd,36250.00,fennel,Fennel,Spices,kg,500.00
1,Mina Spices ltd,36250.00,fennel-powder,Fennel Powder,Spices,kg,750.00
1,Mina Spices ltd,36250.00,fenugreek,Fenugreek,Spices,kg,400.00
1,Mina Spices ltd,36250.00,garlic-powder,Garlic Powder,Spices,kg,600.00
1,Mina Spices ltd,36250.00,ginger-powder,Ginger Powder,Spices,kg,600.00
1,Mina Spices ltd,36250.00,henna,Henna,Spices,kg,600.00
1,Mina Spices ltd,36250.00,hibiscus,Hibiscus,Spices,kg,700.00
1,Mina Spices ltd,36250.00,macadamia,Macadamia,Nuts,kg,800.00
1,Mina Spices ltd,36250.00,moringa,Moringa,Spices,kg,800.00
1,Mina Spices ltd,36250.00,moringa-powder,Moringa Powder,Spices,kg,550.00
1,Mina Spices ltd,36250.00,nutmeg,Nutmeg,Spices,kg,1400.00
1,Mina Spices ltd,36250.00,onion-powder,Onion Powder,Spices,kg,600.00
1,Mina Spices ltd,36250.00,peppermint-powder,Peppermint Powder,Spices,kg,550.00
1,Mina Spices ltd,36250.00,pumpkin-seed-roasted,Pumpkin Seed Roasted,Nuts,kg,1200.00
1,Mina Spices ltd,36250.00,rosemary,Rosemary,Spices,kg,400.00
1,Mina Spices ltd,36250.00,rosemary-powder,Rosemary Powder,Spices,kg,450.00
1,Mina Spices ltd,36250.00,sea-moss,Sea Moss,Spices,kg,1200.00
1,Mina Spices ltd,36250.00,sunflower,Sunflower,Nuts,kg,800.00
1,Mina Spices ltd,36250.00,turmeric-ethiopia,Turmeric (Ethiopia),Spices,kg,200.00
1,Mina Spices ltd,36250.00,turmeric-india,Turmeric (India),Spices,kg,700.00
2,Fresh Saudi Dates,23650.00,ashwagandha-powder,Ashwagandha (Powder),Spices,kg,700.00
2,Fresh Saudi Dates,23650.00,ashwagandha-seed,Ashwagandha (Seed),Spices,kg,550.00
2,Fresh Saudi Dates,23650.00,beef-masala,Beef Masala,Spices,kg,600.00
2,Fresh Saudi Dates,23650.00,black-pepper,Black Pepper,Spices,kg,1250.00
2,Fresh Saudi Dates,23650.00,black-seed,Black Seed,Spices,kg,600.00
2,Fresh Saudi Dates,23650.00,cardamom-green-ws,Cardamom (Green - WS),Spices,kg,3600.00
2,Fresh Saudi Dates,23650.00,cardamom-green,Cardamom (Green),Spices,kg,4000.00
2,Fresh Saudi Dates,23650.00,cardamom-white,Cardamom (White),Spices,kg,2600.00
2,Fresh Saudi Dates,23650.00,cayenne-pepper,Cayenne Pepper,Spices,kg,500.00
2,Fresh Saudi Dates,23650.00,chicken-masala,Chicken Masala,Spices,kg,600.00
2,Fresh Saudi Dates,23650.00,chilli-powder,Chilli Powder,Spices,kg,600.00
2,Fresh Saudi Dates,23650.00,cinnamon,Cinnamon,Spices,kg,550.00
2,Fresh Saudi Dates,23650.00,coconut-powder,Coconut Powder,Spices,kg,600.00
2,Fresh Saudi Dates,23650.00,coriander,Coriander,Spices,kg,500.00
2,Fresh Saudi Dates,23650.00,curry-powder,Curry Powder,Spices,kg,550.00
2,Fresh Saudi Dates,23650.00,fennel,Fennel,Spices,kg,600.00
2,Fresh Saudi Dates,23650.00,fenugreek,Fenugreek,Spices,kg,400.00
2,Fresh Saudi Dates,23650.00,ginger-powder,Ginger Powder,Spices,kg,700.00
2,Fresh Saudi Dates,23650.00,henna,Henna,Spices,kg,550.00
2,Fresh Saudi Dates,23650.00,hibiscus,Hibiscus,Spices,kg,700.00
2,Fresh Saudi Dates,23650.00,moringa,Moringa,Spices,kg,550.00
2,Fresh Saudi Dates,23650.00,nutmeg,Nutmeg,Spices,kg,950.00
2,Fresh Saudi Dates,23650.00,rosemary,Rosemary,Spices,kg,500.00
2,Fresh Saudi Dates,23650.00,sea-moss,Sea Moss,Spices,kg,550.00
2,Fresh Saudi Dates,23650.00,turmeric,Turmeric,Spices,kg,350.00
3,Khalif Spices,19150.00,beef-masala,Beef Masala,Spices,kg,600.00
3,Khalif Spices,19150.00,black-pepper,Black Pepper,Spices,kg,1200.00
3,Khalif Spices,19150.00,black-seed,Black Seed,Spices,kg,800.00
3,Khalif Spices,19150.00,cardamom-green,Cardamom (Green),Spices,kg,3500.00
3,Khalif Spices,19150.00,cardamom-white,Cardamom (White),Spices,kg,2000.00
3,Khalif Spices,19150.00,cayenne-pepper,Cayenne Pepper,Spices,kg,400.00
3,Khalif Spices,19150.00,chicken-masala,Chicken Masala,Spices,kg,600.00
3,Khalif Spices,19150.00,chilli-powder,Chilli Powder,Spices,kg,400.00
3,Khalif Spices,19150.00,cinnamon,Cinnamon,Spices,kg,600.00
3,Khalif Spices,19150.00,coconut-powder,Coconut Powder,Spices,kg,550.00
3,Khalif Spices,19150.00,coriander,Coriander,Spices,kg,400.00
3,Khalif Spices,19150.00,curry-powder,Curry Powder,Spices,kg,600.00
3,Khalif Spices,19150.00,fennel,Fennel,Spices,kg,500.00
3,Khalif Spices,19150.00,fenugreek,Fenugreek,Spices,kg,400.00
3,Khalif Spices,19150.00,garlic-powder,Garlic Powder,Spices,kg,600.00
3,Khalif Spices,19150.00,ginger-powder,Ginger Powder,Spices,kg,600.00
3,Khalif Spices,19150.00,hibiscus,Hibiscus,Spices,kg,700.00
3,Khalif Spices,19150.00,moringa,Moringa,Spices,kg,800.00
3,Khalif Spices,19150.00,nutmeg,Nutmeg,Spices,kg,1400.00
3,Khalif Spices,19150.00,rosemary,Rosemary,Spices,kg,400.00
3,Khalif Spices,19150.00,sea-moss,Sea Moss,Spices,kg,1200.00
3,Khalif Spices,19150.00,turmeric-ethiopia,Turmeric (Ethiopia),Spices,kg,200.00
3,Khalif Spices,19150.00,turmeric-india,Turmeric (India),Spices,kg,700.00
4,Elwak Spices,12200.00,ashwagandha-powder,Ashwagandha (Powder),Spices,kg,700.00
4,Elwak Spices,12200.00,black-pepper,Black Pepper,Spices,kg,1100.00
4,Elwak Spices,12200.00,black-seed,Black Seed,Spices,kg,700.00
4,Elwak Spices,12200.00,cardamom-green,Cardamom (Green),Spices,kg,3600.00
4,Elwak Spices,12200.00,cayenne-pepper,Cayenne Pepper,Spices,kg,500.00
4,Elwak Spices,12200.00,chilli-powder,Chilli Powder,Spices,kg,400.00
4,Elwak Spices,12200.00,cinnamon,Cinnamon,Spices,kg,450.00
4,Elwak Spices,12200.00,coriander,Coriander,Spices,kg,400.00
4,Elwak Spices,12200.00,curry-powder,Curry Powder,Spices,kg,500.00
4,Elwak Spices,12200.00,fennel,Fennel,Spices,kg,400.00
4,Elwak Spices,12200.00,fenugreek,Fenugreek,Spices,kg,300.00
4,Elwak Spices,12200.00,ginger-powder,Ginger Powder,Spices,kg,650.00
4,Elwak Spices,12200.00,hibiscus,Hibiscus,Spices,kg,550.00
4,Elwak Spices,12200.00,moringa,Moringa,Spices,kg,550.00
4,Elwak Spices,12200.00,rosemary,Rosemary,Spices,kg,500.00
4,Elwak Spices,12200.00,sea-moss,Sea Moss,Spices,kg,500.00
4,Elwak Spices,12200.00,turmeric,Turmeric,Spices,kg,400.00
